{"cameraMode":{"drawMode":0,"name":"Shaded","section":"Shading Mode"},"sceneLighting":true,"audioPlay":false,"sceneViewState":{"m_AlwaysRefresh":false,"showFog":true,"showSkybox":true,"showFlares":true,"showImageEffects":true,"showParticleSystems":true,"showVisualEffectGraphs":true,"m_FxEnabled":true},"in2DMode":false,"pivot":{"x":10.717767715454102,"y":-0.47121381759643557,"z":-16.87135887145996},"rotation":{"x":-0.04086080566048622,"y":-0.9039134979248047,"z":0.08869431167840958,"w":-0.4164237380027771},"size":14.381644248962403,"orthographic":false}