{"cameraMode":{"drawMode":0,"name":"Shaded","section":"Shading Mode"},"sceneLighting":true,"audioPlay":false,"sceneViewState":{"m_AlwaysRefresh":false,"showFog":true,"showSkybox":true,"showFlares":true,"showImageEffects":true,"showParticleSystems":true,"showVisualEffectGraphs":true,"m_FxEnabled":true},"in2DMode":false,"pivot":{"x":33.95710754394531,"y":2.9418447017669679,"z":23.445913314819337},"rotation":{"x":0.15951621532440186,"y":-0.8152899742126465,"z":0.2659423351287842,"w":0.4890328347682953},"size":2.3694560527801515,"orthographic":true}