{"cameraMode":{"drawMode":0,"name":"Shaded","section":"Shading Mode"},"sceneLighting":true,"audioPlay":false,"sceneViewState":{"m_AlwaysRefresh":false,"showFog":true,"showSkybox":true,"showFlares":true,"showImageEffects":true,"showParticleSystems":true,"showVisualEffectGraphs":true,"m_FxEnabled":true},"in2DMode":false,"pivot":{"x":25.160173416137697,"y":-7.822221755981445,"z":3.5614547729492189},"rotation":{"x":-0.19276778399944306,"y":-0.44123101234436037,"z":0.09765368700027466,"w":-0.8709891438484192},"size":14.328489303588868,"orthographic":false}